{"nodes":[{"proto_uri":"org\/acumos\/3883ce0a-05bb-425c-ad49-8fc4e9cdc4b0\/node1\/1.0.1\/node1-1.0.1.proto","image":"vaibhavtechie\/node1-image:latest","node_type":"MLModel","container_name":"node11","operation_signature_list":[{"connected_to":[{"container_name":"node21","operation_signature":{"operation_name":"Execute"}}],"operation_signature":{"operation_name":"Execute","output_message_name":"Empty","input_message_name":"Empty","output_message_stream":false,"input_message_stream":false}}]},{"proto_uri":"org\/acumos\/27efda2a-8a2c-4860-8108-e4ff41897b70\/node2\/1.0.0\/node2-1.0.0.proto","image":"vaibhavtechie\/node2-image:latest","node_type":"MLModel","container_name":"node21","operation_signature_list":[{"connected_to":[{"container_name":"node31","operation_signature":{"operation_name":"Execute"}}],"operation_signature":{"operation_name":"Execute","output_message_name":"Empty","input_message_name":"Empty","output_message_stream":false,"input_message_stream":false}}]},{"proto_uri":"org\/acumos\/0c2941ee-bc0f-44db-9bfd-249c144438d5\/node3\/1.0.0\/node3-1.0.0.proto","image":"vaibhavtechie\/node3-image:latest","node_type":"MLModel","container_name":"node31","operation_signature_list":[{"connected_to":[],"operation_signature":{"operation_name":"Execute","output_message_name":"Empty","input_message_name":"Empty","output_message_stream":false,"input_message_stream":false}}]}],"name":"Node123","pipeline_id":"1047a39c-2ebe-11ea-bbf7-52ce898b1042:ba5fd592-19fb-491b-b010-93a99f06594f:152f7e02-27f2-43ac-ac90-e544d67679a4","creation_date":"2025-04-11 14:18:39.578033","type":"pipeline-topology\/v2","version":"1.0.0"}